2.007100866E9,1113.6050393922803,240.0
2.008104788E9,1115.3494977178068,210.0
2.007103789E9,1145.9472120743055,150.0
2.008105456E9,1147.2551546717611,180.0
2.010106572E9,1161.1302002359005,150.0
2.010103105E9,1167.0865506974765,150.0
2.008104969E9,1170.8744035399807,150.0
2.010103616E9,1170.955212084882,150.0
2.00810483E9,1172.6061030061815,150.0
2.010104793E9,1184.8948944867748,120.0
2.010103775E9,1186.8184475645808,120.0
2.008109028E9,1187.4127698185139,120.0
2.008102079E9,1188.6781889082586,150.0
2.009100365E9,1191.7477108273765,150.0
2.007102712E9,1193.3209950541664,90.0
2.007101231E9,1200.216217842185,150.0
2.008104061E9,1200.3400785180725,150.0
2.010109138E9,1202.096095807857,120.0
2.01010476E9,1204.2380304603662,120.0
2.007104604E9,1208.3431703476344,150.0
2.007104328E9,1209.0822758158683,90.0
2.008102837E9,1214.6507297708351,120.0
2.011100657E9,1215.6537152230892,180.0
2.009103866E9,1219.4273532834327,90.0
2.00710251E9,1221.9484231069823,120.0
2.010105798E9,1224.3778016257654,150.0
2.009104485E9,1225.823178964437,180.0
2.009104961E9,1228.3145343562492,120.0
2.006106144E9,1229.9714988100093,180.0
2.007104192E9,1230.4378423813923,120.0
2.00710148E9,1231.28336141995,150.0
2.00710361E9,1233.3497633412924,90.0
2.008103817E9,1233.8587979376657,90.0
2.007101655E9,1233.8769685563816,90.0
2.006106526E9,1237.279340588021,90.0
2.009106361E9,1238.4221284717835,120.0
2.009105984E9,1239.0950714248602,120.0
2.00610584E9,1241.330007539707,90.0
2.005105572E9,1241.826511072659,120.0
2.008105067E9,1242.9606602395208,90.0
2.010101433E9,1244.0564449306546,60.0
2.009109157E9,1244.9733417076407,150.0
2.010105969E9,1248.4331264429347,90.0
2.008105725E9,1250.5567911118264,90.0
2.009100353E9,1250.6449683146313,120.0
2.009106374E9,1252.9040949264672,120.0
2.010104681E9,1256.3120396148017,90.0
2.006100278E9,1256.8817749531725,90.0
2.007103076E9,1256.8870269473182,90.0
2.008104704E9,1256.9544533108017,90.0
2.007109067E9,1259.4112934674033,180.0
2.009105964E9,1259.7479871683502,120.0
2.008103228E9,1259.8676125602897,120.0
2.007106065E9,1260.8843574836385,90.0
2.00510592E9,1261.352517027708,90.0
2.010104228E9,1262.8527107277741,90.0
2.009102351E9,1262.967480882861,90.0
2.010103422E9,1264.6930963040516,60.0
2.006102723E9,1265.3371710299498,90.0
2.009101893E9,1265.3469306018744,90.0
2.009100917E9,1265.6582167919935,90.0
2.011100362E9,1265.7078375640494,120.0
2.01010438E9,1266.7654800994378,90.0
2.008100103E9,1266.9273019742197,120.0
2.008101592E9,1267.7013791275078,120.0
2.007104745E9,1267.995961906753,60.0
2.00510493E9,1268.4882336246612,90.0
2.00710269E9,1268.7815753116447,90.0
2.009105477E9,1269.1759819892727,120.0
2.009102433E9,1269.9766571898483,90.0
2.008105338E9,1270.3900059640978,60.0
2.007101272E9,1270.511890365263,60.0
2.007104769E9,1270.884652079836,90.0
2.010103452E9,1271.4469105487499,150.0
2.009106752E9,1271.551424434937,90.0
2.00810515E9,1271.9267306034312,90.0
2.005103996E9,1272.0210845371223,60.0
2.010105957E9,1272.1293225427569,60.0
2.009105136E9,1272.3146287446136,90.0
2.007101734E9,1272.3765825422038,90.0
2.007106405E9,1273.2171909407807,60.0
2.009103247E9,1274.7075628020145,90.0
2.007101444E9,1274.780836889608,60.0
2.008101775E9,1276.7684545342495,90.0
2.011105284E9,1278.0245167115108,120.0
2.006103077E9,1278.0680678167867,120.0
2.006102198E9,1279.7378769539687,90.0
2.011104821E9,1280.0540050988986,120.0
2.010102095E9,1280.9153749062186,90.0
2.005104374E9,1281.014287047114,90.0
2.010101985E9,1281.5547382931175,60.0
2.008105451E9,1282.653335669121,90.0
2.008102223E9,1283.9466367527045,60.0
2.010101486E9,1283.9584434938877,60.0
2.00810088E9,1284.3471896388046,60.0
2.009100828E9,1284.4772451748802,90.0
2.010101365E9,1284.5666622675635,60.0
2.010103574E9,1284.5666622675635,60.0
2.007100126E9,1284.7942277185416,90.0
2.008105565E9,1285.2885433611107,90.0
2.008104075E9,1285.3887124359424,90.0
2.0081034E9,1287.9586674064215,120.0
2.006104442E9,1290.1238820214614,90.0
2.008106407E9,1290.1814007517112,60.0
2.010105547E9,1290.8186992973249,60.0
2.011100421E9,1291.1256252190663,120.0
2.00910585E9,1291.2344805773484,90.0
2.008105626E9,1291.33023667936,90.0
2.010106195E9,1291.7540075066827,60.0
2.00710252E9,1291.9780121351712,90.0
2.006101501E9,1292.7893408242771,60.0
2.009101521E9,1292.9519139028396,90.0
2.008104606E9,1293.5778921756062,150.0
2.006105667E9,1294.1508689811856,90.0
2.008100997E9,1295.3632540788406,60.0
2.008105561E9,1296.23328206257,60.0
2.009105949E9,1296.4539133714318,90.0
2.006105228E9,1296.5153074629438,60.0
2.008100555E9,1296.5579767622187,60.0
2.011102364E9,1296.82588481371,90.0
2.010102621E9,1296.98969994108,90.0
2.006100768E9,1297.0284097908682,60.0
2.006104535E9,1297.5878919596519,60.0
2.010104391E9,1298.0586670521254,90.0
2.006104918E9,1298.9449864248172,60.0
2.008100105E9,1299.3887646564515,30.0
2.008105822E9,1301.232154186798,60.0
2.008103271E9,1302.737690980627,90.0
2.008104178E9,1303.2598139805348,60.0
2.007102051E9,1303.2794787195098,60.0
2.007105905E9,1303.2794787195098,60.0
2.008100881E9,1304.699105690462,60.0
2.00810421E9,1305.396579273595,90.0
2.010103652E9,1305.5204903678332,90.0
2.006100808E9,1306.1150858728254,60.0
2.007106051E9,1307.025688456351,60.0
2.009103381E9,1307.2729202492635,90.0
2.00810181E9,1307.8729893951452,60.0
2.008102492E9,1308.1559226581594,60.0
2.007101495E9,1308.540061027296,60.0
2.007101053E9,1309.1869826093205,120.0
2.011102604E9,1309.395133968703,90.0
2.005104613E9,1309.405916675343,60.0
2.008102953E9,1309.747096331518,60.0
2.007106759E9,1309.935518390721,60.0
2.006102832E9,1310.4256477025722,60.0
2.007103003E9,1310.4256477025722,60.0
2.006110048E9,1310.4256477025722,60.0
2.005104828E9,1310.4256477025722,60.0
2.0061049E9,1310.4256477025722,60.0
2.00510061E9,1310.4256477025722,60.0
2.007102124E9,1310.548749440373,60.0
2.00510426E9,1311.5335672334359,60.0
2.005101222E9,1311.5637116549676,60.0
2.010102681E9,1313.7057398399,90.0
2.006106753E9,1313.981198103565,120.0
2.00710258E9,1314.1769765540807,60.0
2.009110083E9,1314.3391065858898,60.0
2.010104671E9,1314.8267800602418,60.0
2.0101026E9,1314.8267800602418,60.0
2.010102518E9,1314.8267800602418,60.0
2.008102524E9,1315.1246935602214,60.0
2.008103492E9,1315.3491549629762,60.0
2.008105003E9,1315.591146401417,60.0
2.00910331E9,1315.8988611507154,60.0
2.010101619E9,1315.9671465659603,60.0
2.008101611E9,1316.6044273077885,60.0
2.008103875E9,1316.8869554184846,60.0
2.010100431E9,1317.498855063124,60.0
2.010103532E9,1317.498855063124,60.0
2.010105113E9,1317.5686794912947,60.0
2.010106001E9,1317.5686794912947,60.0
2.010109144E9,1317.5686794912947,60.0
2.009101154E9,1317.7978816791026,60.0
2.007102536E9,1318.4537995959631,60.0
2.009102491E9,1318.483186456809,60.0
2.007106499E9,1319.3403828245996,60.0
2.006102232E9,1319.7880724282873,90.0
2.005105102E9,1319.8081041118814,90.0
2.011104069E9,1320.301658031727,90.0
2.006106301E9,1321.5288781100674,60.0
2.007103124E9,1321.5474258321944,90.0
2.008102691E9,1322.5662008942002,60.0
2.010110047E9,1323.0020934404222,60.0
2.010110052E9,1323.311373079479,120.0
2.007100242E9,1323.391284849699,60.0
2.007100103E9,1323.9764207671383,60.0
2.011103238E9,1324.4845222890588,90.0
2.011103904E9,1324.8016728489495,60.0
2.010104936E9,1325.5826240678216,60.0
2.009105345E9,1325.7282865098255,60.0
2.010105554E9,1326.0210920482355,60.0
2.006110054E9,1326.0425285717351,60.0
2.010106038E9,1326.2822213656796,30.0
2.010104585E9,1326.2822213656796,30.0
2.0091021E9,1326.5451785586301,60.0
2.006102131E9,1326.6280897183697,60.0
2.008102258E9,1326.9974895629819,90.0
2.009102852E9,1327.1838331602269,60.0
2.009104431E9,1327.3761449556143,60.0
2.009102882E9,1327.3761449556143,60.0
2.009101751E9,1327.3761449556143,60.0
2.009104932E9,1327.3761449556143,60.0
2.009103636E9,1327.3761449556143,60.0
2.008102958E9,1327.7274466829908,90.0
2.011102812E9,1328.600618953144,60.0
2.008103674E9,1328.620042000138,60.0
2.006106603E9,1328.8374965164041,30.0
2.00910106E9,1328.9239320658676,90.0
2.008102489E9,1329.4083702477458,60.0
2.009110019E9,1330.4791519077187,60.0
2.009102532E9,1330.5170039139061,60.0
2.005100457E9,1330.7836691670052,60.0
2.009103851E9,1330.8555305345103,60.0
2.007106008E9,1331.2460320206897,60.0
2.008101982E9,1331.3489640024377,60.0
2.008102451E9,1331.3489640024377,60.0
2.008105764E9,1331.384515447413,60.0
2.010110068E9,1331.3890788774672,60.0
2.005107087E9,1332.37554260822,60.0
2.009100679E9,1332.862736495515,90.0
2.01010488E9,1332.959716737366,60.0
2.005102196E9,1333.285231158482,60.0
2.010100132E9,1333.4373480180625,60.0
2.010100751E9,1333.6192651886108,60.0
2.010104082E9,1334.2229003360337,60.0
2.010101396E9,1334.3257450707024,60.0
2.008105912E9,1334.364827368809,60.0
2.010109123E9,1334.4781214595987,60.0
2.007102006E9,1334.5822524289547,60.0
2.007104267E9,1334.6786954977892,60.0
2.006100905E9,1335.2730195341246,60.0
2.00710345E9,1335.55376901789,60.0
2.010106126E9,1336.9133894728905,90.0
2.005103423E9,1337.6457061657702,60.0
2.007100723E9,1337.655245004847,60.0
2.0051003E9,1338.2281067445242,60.0
2.01110462E9,1338.3362818065996,60.0
2.008101236E9,1338.5916015679397,60.0
2.008104384E9,1339.1133727507045,60.0
2.01110112E9,1339.1721293046062,60.0
2.011101384E9,1339.5767901806234,60.0
2.011101255E9,1341.1093039047055,60.0
2.009101253E9,1341.6328350275733,60.0
2.005106775E9,1341.7845524225056,60.0
2.009100645E9,1341.9942506223504,60.0
2.009103495E9,1343.1463061019376,90.0
2.008110006E9,1343.2250799686485,60.0
2.008106334E9,1344.3860366128447,60.0
2.009106046E9,1344.4896139921022,60.0
2.00710085E9,1344.6132331634658,30.0
2.00810318E9,1344.6132331634658,30.0
2.008103332E9,1344.6132331634658,30.0
2.007105538E9,1344.6132331634658,30.0
2.008106728E9,1344.6132331634658,30.0
2.005106725E9,1345.1996553904087,30.0
2.00510039E9,1345.1996553904087,30.0
2.006101192E9,1345.1996553904087,30.0
2.006106578E9,1345.1996553904087,30.0
2.005105258E9,1345.1996553904087,30.0
2.006104352E9,1345.1996553904087,30.0
2.006102142E9,1345.4876434354346,60.0
2.011104328E9,1345.494079274262,60.0
2.011104599E9,1345.5895373007386,60.0
2.011102858E9,1345.809742068743,60.0
2.00910158E9,1345.950664483307,60.0
2.008105069E9,1345.9876050685368,60.0
2.009105223E9,1345.9975303571996,60.0
2.009102172E9,1345.9975303571996,60.0
2.011100066E9,1346.0215732370477,60.0
2.011105985E9,1346.2876983625272,60.0
2.00910637E9,1346.337353870536,60.0
2.007101391E9,1347.1505429397398,30.0
2.008104212E9,1347.1505429397398,30.0
2.008104151E9,1347.1505429397398,30.0
2.009103814E9,1347.4903758746602,90.0
2.008101631E9,1348.0193555243247,30.0
2.009106058E9,1348.0193555243247,30.0
2.009105841E9,1348.0193555243247,30.0
2.008101908E9,1348.4632203913477,60.0
2.008102601E9,1348.4632203913477,60.0
2.009106371E9,1348.709863489435,60.0
2.009106827E9,1348.934923057964,60.0
2.008105712E9,1349.590226205216,30.0
2.009104777E9,1349.811123776307,60.0
2.011102204E9,1349.8423667470245,60.0
2.008105084E9,1349.88515931965,30.0
2.009106553E9,1350.4699996358202,90.0
2.008100533E9,1350.8460260762402,30.0
2.007103588E9,1350.8460260762402,30.0
2.007103049E9,1350.8460260762402,30.0
2.007104688E9,1350.8460260762402,30.0
2.011102196E9,1350.9912893970595,60.0
2.007105694E9,1352.6977658915182,90.0
2.011100876E9,1352.771367375191,60.0
2.010104878E9,1352.8293014119631,60.0
2.010105917E9,1353.2986006553333,30.0
2.010100303E9,1353.2986006553333,30.0
2.01110384E9,1353.4286203313095,60.0
2.008103605E9,1353.6938286851023,30.0
2.00810147E9,1353.6938286851023,30.0
2.008104586E9,1353.6938286851023,30.0
2.008102225E9,1353.6938286851023,30.0
2.008102924E9,1353.6938286851023,30.0
2.008100567E9,1353.6938286851023,30.0
2.011100973E9,1353.8739043644368,60.0
2.01010354E9,1354.6067450518144,60.0
2.00610213E9,1355.3471379183889,60.0
2.005106384E9,1355.3582423189307,30.0
2.008103404E9,1355.3582423189307,30.0
2.008104439E9,1355.4503055422779,30.0
2.008104528E9,1355.4503055422779,30.0
2.008106014E9,1355.4503055422779,30.0
2.008105311E9,1355.4503055422779,30.0
2.008101709E9,1355.4503055422779,30.0
2.011104672E9,1355.4866891544668,60.0
2.006105143E9,1356.373114740698,60.0
2.008103136E9,1356.4697739180424,60.0
2.008104805E9,1356.6293780781145,90.0
2.009103301E9,1357.2065217082788,60.0
2.009101989E9,1357.2821409941878,60.0
2.006103082E9,1357.8277440152908,60.0
2.006100294E9,1357.8604856049776,60.0
2.006105514E9,1358.1696184309712,60.0
2.008100476E9,1358.22492307028,60.0
2.006104997E9,1358.3227895842058,30.0
2.006103051E9,1358.3227895842058,30.0
2.007103804E9,1358.3286444500236,90.0
2.010102398E9,1358.3603603255106,60.0
2.009101001E9,1358.4782244285232,60.0
2.0111021E9,1358.5903263705686,60.0
2.00810024E9,1358.7294806640327,30.0
2.008103119E9,1358.7294806640327,30.0
2.008103555E9,1358.7294806640327,30.0
2.008101779E9,1358.7294806640327,30.0
2.0081059E9,1358.8461225626352,60.0
2.010101477E9,1358.8671580846003,60.0
2.011100512E9,1359.1038924386173,60.0
2.011103483E9,1359.469532696134,60.0
2.007102689E9,1359.8481906972677,30.0
2.006100537E9,1359.8481906972677,30.0
2.007104814E9,1359.8481906972677,30.0
2.00710572E9,1359.8481906972677,30.0
2.007103247E9,1359.9386073543944,60.0
2.007102581E9,1360.290210219659,30.0
2.006103477E9,1360.290210219659,30.0
2.005106951E9,1360.290210219659,30.0
2.00710246E9,1360.290210219659,30.0
2.007104885E9,1360.290210219659,30.0
2.010100221E9,1360.7977943787077,30.0
2.00910571E9,1360.7977943787077,30.0
2.010104954E9,1360.7977943787077,30.0
2.007104421E9,1360.9630609632047,30.0
2.007100057E9,1360.9630609632047,30.0
2.007106349E9,1360.9630609632047,30.0
2.00710249E9,1360.9630609632047,30.0
2.00711005E9,1360.9630609632047,30.0
2.011105993E9,1361.3281392208232,60.0
2.008105595E9,1361.3281392208232,60.0
2.011104188E9,1361.3281392208232,60.0
2.008100279E9,1361.7271745500968,30.0
2.009105278E9,1361.7285893151782,60.0
2.007103257E9,1361.9186443639749,30.0
2.00710019E9,1361.9186443639749,30.0
2.006103012E9,1361.9186443639749,30.0
2.006102641E9,1361.9186443639749,30.0
2.008101519E9,1362.084724552818,60.0
2.006104261E9,1362.1197237890156,60.0
2.010104569E9,1362.2093805994414,30.0
2.010102307E9,1362.2093805994414,30.0
2.010105923E9,1362.2093805994414,30.0
2.010104047E9,1362.2093805994414,30.0
2.010104121E9,1362.2093805994414,30.0
2.008104646E9,1362.437415734375,30.0
2.007109151E9,1362.437415734375,30.0
2.008101876E9,1362.826614797249,60.0
2.010106612E9,1363.8913173305962,30.0
2.010102003E9,1363.8913173305962,30.0
2.010103614E9,1363.8913173305962,30.0
2.010110037E9,1363.8913173305962,30.0
2.008101265E9,1364.8133198099467,30.0
2.008102237E9,1364.8133198099467,30.0
2.007106264E9,1364.8133198099467,30.0
2.008101892E9,1364.8133198099467,30.0
2.010110111E9,1365.472635311629,30.0
2.010103714E9,1365.472635311629,30.0
2.01011003E9,1365.472635311629,30.0
2.010100056E9,1365.472635311629,30.0
2.010102439E9,1365.472635311629,30.0
2.01011013E9,1365.472635311629,30.0
2.010103383E9,1365.472635311629,30.0
2.005104817E9,1365.9339102650677,30.0
2.005103851E9,1365.9339102650677,30.0
2.005106628E9,1365.9339102650677,30.0
2.005106897E9,1365.9339102650677,30.0
2.005101792E9,1365.9339102650677,30.0
2.005105413E9,1365.9339102650677,30.0
2.00510669E9,1365.9339102650677,30.0
2.008100623E9,1366.056705300309,30.0
2.010102319E9,1366.056705300309,30.0
2.010100443E9,1366.056705300309,30.0
2.011102814E9,1366.8342359845644,30.0
2.011105713E9,1366.8342359845644,30.0
2.006103423E9,1367.3995876660586,30.0
2.0051069E9,1367.3995876660586,30.0
2.006103144E9,1367.3995876660586,30.0
2.008103121E9,1367.3995876660586,30.0
2.010103578E9,1367.405612853343,60.0
2.009101268E9,1367.5039197636252,60.0
2.007100112E9,1367.821830270384,30.0
2.005106294E9,1368.0369726473473,30.0
2.00710351E9,1368.0369726473473,30.0
2.006102911E9,1368.0369726473473,30.0
2.007100313E9,1368.0369726473473,30.0
2.007109039E9,1368.0369726473473,30.0
2.007110133E9,1368.0369726473473,30.0
2.010102182E9,1368.3680007166824,30.0
2.010104425E9,1368.3680007166824,30.0
2.010105331E9,1368.3680007166824,30.0
2.008101646E9,1368.8522830057957,30.0
2.008102865E9,1369.1799713079047,90.0
2.007106305E9,1369.22183519251,30.0
2.006104854E9,1369.22183519251,30.0
2.011100141E9,1369.2248761971525,60.0
2.008103854E9,1370.0924309542881,60.0
2.011100126E9,1370.1785612483093,60.0
2.010105936E9,1370.605097532439,60.0
2.008102022E9,1370.801216100641,30.0
2.007104467E9,1370.801216100641,30.0
2.007102687E9,1370.801216100641,30.0
2.01010225E9,1371.4039180131745,60.0
2.008101445E9,1371.4631793002868,60.0
2.010106188E9,1371.6101172331541,60.0
2.006100984E9,1371.8827087127252,30.0
2.006104949E9,1371.8827087127252,30.0
2.007104614E9,1371.8827087127252,30.0
2.006100763E9,1371.8827087127252,30.0
2.007104687E9,1371.8827087127252,30.0
2.006106267E9,1372.2116487028707,60.0
2.006102886E9,1372.284731878675,30.0
2.006106053E9,1372.284731878675,30.0
2.006106711E9,1372.284731878675,30.0
2.006104189E9,1372.284731878675,30.0
2.006102764E9,1372.284731878675,30.0
2.006104765E9,1372.284731878675,30.0
2.006100488E9,1372.284731878675,30.0
2.00610277E9,1372.284731878675,30.0
2.006103048E9,1372.284731878675,30.0
2.006105632E9,1372.284731878675,30.0
2.007104571E9,1372.7683404696686,30.0
2.007104983E9,1372.7683404696686,30.0
2.009100376E9,1373.4212410336347,30.0
2.010103959E9,1373.4212410336347,30.0
2.010100642E9,1373.4212410336347,30.0
2.010105059E9,1373.4212410336347,30.0
2.008103057E9,1373.590469603217,30.0
2.008101677E9,1373.590469603217,30.0
2.008105678E9,1373.590469603217,30.0
2.006106633E9,1373.5909959360754,30.0
2.006104479E9,1373.5909959360754,30.0
2.006105197E9,1373.5909959360754,30.0
2.006100286E9,1373.5909959360754,30.0
2.006102749E9,1373.5909959360754,30.0
2.006103075E9,1373.5909959360754,30.0
2.006104681E9,1373.5909959360754,30.0
2.006102028E9,1373.5909959360754,30.0
2.00610393E9,1373.5909959360754,30.0
2.006100085E9,1373.9642319560137,30.0
2.005110106E9,1373.9642319560137,30.0
2.006101224E9,1373.9642319560137,30.0
2.006101843E9,1373.9642319560137,30.0
2.007104773E9,1374.256126765153,30.0
2.007100649E9,1374.256126765153,30.0
2.007105562E9,1374.256126765153,30.0
2.007105257E9,1374.256126765153,30.0
2.007109297E9,1374.256126765153,30.0
2.007105702E9,1374.256126765153,30.0
2.00710034E9,1374.256126765153,30.0
2.007101188E9,1374.256126765153,30.0
2.008101973E9,1374.8841921522433,60.0
2.00710544E9,1375.2324395040298,60.0
2.005110098E9,1375.3790399921363,60.0
2.007100567E9,1375.7518484834984,60.0
2.010109145E9,1376.1225697791645,30.0
2.010106578E9,1376.1225697791645,30.0
2.010101087E9,1376.1225697791645,30.0
2.008100344E9,1376.5082616472898,30.0
2.008106044E9,1376.5082616472898,30.0
2.00710461E9,1376.5082616472898,30.0
2.010101169E9,1376.8252986800023,30.0
2.01010237E9,1376.8252986800023,30.0
2.010100557E9,1376.8252986800023,30.0
2.010100656E9,1376.8252986800023,30.0
2.010103036E9,1376.8252986800023,30.0
2.010103003E9,1376.8252986800023,30.0
2.010100359E9,1376.8252986800023,30.0
2.007101828E9,1376.8395078417166,30.0
2.007102318E9,1376.8395078417166,30.0
2.00710014E9,1376.8395078417166,30.0
2.007102057E9,1376.8395078417166,30.0
2.007102048E9,1376.8395078417166,30.0
2.007101892E9,1376.8395078417166,30.0
2.007105854E9,1376.8395078417166,30.0
2.009106386E9,1377.076490148235,60.0
2.010103459E9,1377.2652446468787,30.0
2.009102901E9,1377.2652446468787,30.0
2.010101179E9,1377.2652446468787,30.0
2.008101934E9,1377.2652446468787,30.0
2.009106555E9,1377.2652446468787,30.0
2.010100682E9,1377.2652446468787,30.0
2.009105646E9,1377.2652446468787,30.0
2.010104052E9,1377.2652446468787,30.0
2.009106469E9,1377.4774856335637,60.0
2.006101876E9,1377.538051413296,60.0
2.006106793E9,1378.8934705030574,60.0
2.005102595E9,1378.8951368408323,30.0
2.006101336E9,1378.8951368408323,30.0
2.006106716E9,1378.8951368408323,30.0
2.005100877E9,1378.8951368408323,30.0
2.00610658E9,1378.8951368408323,30.0
2.005102596E9,1378.8951368408323,30.0
2.010104865E9,1378.9591290646522,30.0
2.010101718E9,1378.9591290646522,30.0
2.010102495E9,1378.9591290646522,30.0
2.010104765E9,1378.9591290646522,30.0
2.010104977E9,1378.9591290646522,30.0
2.006104054E9,1379.8721586112945,30.0
2.007103297E9,1379.8721586112945,30.0
2.010104533E9,1380.692694058354,30.0
2.01010161E9,1380.692694058354,30.0
2.009102471E9,1380.9437987549247,60.0
2.009103211E9,1381.0841365216268,30.0
2.009100926E9,1381.0841365216268,30.0
2.007104591E9,1381.0841365216268,30.0
2.008103236E9,1381.0841365216268,30.0
2.009100829E9,1381.0841365216268,30.0
2.009100092E9,1381.9988907812688,60.0
2.008102631E9,1382.14049311086,60.0
2.00910409E9,1382.2000698038476,30.0
2.009104981E9,1382.2000698038476,30.0
2.009100543E9,1382.2000698038476,30.0
2.009101651E9,1382.2000698038476,30.0
2.009100781E9,1382.2000698038476,30.0
2.009103547E9,1382.2000698038476,30.0
2.009103014E9,1382.2000698038476,30.0
2.007104041E9,1382.844278120959,60.0
2.005109303E9,1382.9968527516196,30.0
2.005100399E9,1382.9968527516196,30.0
2.005102184E9,1382.9968527516196,30.0
2.005105583E9,1382.9968527516196,30.0
2.009103414E9,1383.1124729923497,30.0
2.007103502E9,1383.1124729923497,30.0
2.008103293E9,1383.1124729923497,30.0
2.007102466E9,1383.1124729923497,30.0
2.006105353E9,1383.4974587999855,60.0
2.005102317E9,1383.8704545320597,60.0
2.010101674E9,1384.973066503217,30.0
2.010106357E9,1384.973066503217,30.0
2.010106598E9,1384.973066503217,30.0
2.010102366E9,1384.973066503217,30.0
2.008100283E9,1385.1418585993406,60.0
2.008104777E9,1385.6815344323184,30.0
2.00810905E9,1385.6815344323184,30.0
2.008101606E9,1385.6815344323184,30.0
2.008100532E9,1385.6815344323184,30.0
2.008104967E9,1385.6815344323184,30.0
2.008104488E9,1385.6815344323184,30.0
2.008100747E9,1385.6815344323184,30.0
2.008105481E9,1385.6815344323184,30.0
2.008103025E9,1385.6815344323184,30.0
2.009105012E9,1386.2935343022716,60.0
2.011102124E9,1386.3323757156793,60.0
2.009101141E9,1386.5296170492593,60.0
2.007103314E9,1386.614267244979,30.0
2.007106515E9,1386.614267244979,30.0
2.008102466E9,1386.614267244979,30.0
2.005105646E9,1386.614267244979,30.0
2.008102835E9,1387.0876042727737,30.0
2.009105885E9,1387.0876042727737,30.0
2.006103254E9,1387.3801672848679,30.0
2.006101408E9,1387.3801672848679,30.0
2.007102888E9,1387.3801672848679,30.0
2.005102557E9,1387.3801672848679,30.0
2.00610614E9,1387.3801672848679,30.0
2.005103648E9,1387.623318220484,30.0
2.005104075E9,1387.623318220484,30.0
2.005110083E9,1387.623318220484,30.0
2.005110073E9,1387.623318220484,30.0
2.00510009E9,1387.623318220484,30.0
2.005104543E9,1387.623318220484,30.0
2.005102473E9,1387.623318220484,30.0
2.005104079E9,1387.623318220484,30.0
2.005110075E9,1387.623318220484,30.0
2.007102397E9,1387.6274502912156,60.0
2.009106665E9,1387.6941111654883,30.0
2.00910449E9,1387.6941111654883,30.0
2.00910103E9,1387.6941111654883,30.0
2.009106622E9,1387.6941111654883,30.0
2.0091014E9,1387.6941111654883,30.0
2.00910387E9,1387.6941111654883,30.0
2.009104611E9,1387.6941111654883,30.0
2.009104584E9,1387.6941111654883,30.0
2.011104594E9,1387.7225569154205,30.0
2.011105135E9,1387.7225569154205,30.0
2.01110657E9,1387.7225569154205,30.0
2.011109222E9,1387.7225569154205,30.0
2.011103785E9,1387.7225569154205,30.0
2.011103507E9,1387.7225569154205,30.0
2.011105651E9,1387.7225569154205,30.0
2.011103982E9,1387.7225569154205,30.0
2.011101604E9,1387.7225569154205,30.0
2.011105761E9,1387.7225569154205,30.0
2.008105579E9,1388.0902138879776,30.0
2.010106226E9,1388.0902138879776,30.0
2.010103274E9,1388.0902138879776,30.0
2.010102281E9,1388.0902138879776,30.0
2.008104964E9,1388.0902138879776,30.0
2.00810244E9,1388.3230202892175,30.0
2.008104571E9,1388.3230202892175,30.0
2.008100875E9,1388.3230202892175,30.0
2.008102675E9,1388.5168778955328,30.0
2.008102702E9,1388.5168778955328,30.0
2.008105581E9,1388.5168778955328,30.0
2.008104355E9,1388.5168778955328,30.0
2.008104614E9,1388.5168778955328,30.0
2.008101946E9,1388.5168778955328,30.0
2.008104266E9,1388.5168778955328,30.0
2.007102988E9,1388.632255310586,30.0
2.007106209E9,1388.632255310586,30.0
2.007101203E9,1388.632255310586,30.0
2.007104005E9,1388.632255310586,30.0
2.007100105E9,1388.632255310586,30.0
2.007102774E9,1388.632255310586,30.0
2.007109164E9,1388.632255310586,30.0
2.009104308E9,1388.6442710542551,30.0
2.007109161E9,1389.5294520567545,30.0
2.00710473E9,1389.5294520567545,30.0
2.009106327E9,1389.679525302096,30.0
2.009101545E9,1389.679525302096,30.0
2.009102867E9,1389.679525302096,30.0
2.009105397E9,1389.679525302096,30.0
2.009101389E9,1389.679525302096,30.0
2.009105914E9,1389.679525302096,30.0
2.009102139E9,1389.679525302096,30.0
2.009101104E9,1389.679525302096,30.0
2.009100155E9,1389.679525302096,30.0
2.005100678E9,1389.8079711235748,30.0
2.005103785E9,1389.8079711235748,30.0
2.005106455E9,1389.8079711235748,30.0
2.00510393E9,1389.8079711235748,30.0
2.005100564E9,1389.8285086043456,60.0
2.01010392E9,1390.0041686157365,30.0
2.010104918E9,1390.0041686157365,30.0
2.01010177E9,1390.0765561125136,30.0
2.010105959E9,1390.0765561125136,30.0
2.010104696E9,1390.2309745437815,30.0
2.00810522E9,1390.3353250319205,30.0
2.009106408E9,1390.3878578350789,30.0
2.009105717E9,1390.3878578350789,30.0
2.009109159E9,1390.3878578350789,30.0
2.009102585E9,1390.3878578350789,30.0
2.009105827E9,1390.3878578350789,30.0
2.009102501E9,1390.3878578350789,30.0
2.009106281E9,1390.3878578350789,30.0
2.00910256E9,1390.3878578350789,30.0
2.009102419E9,1390.3878578350789,30.0
2.00610189E9,1390.7709547718534,30.0
2.006102227E9,1390.7709547718534,30.0
2.006105519E9,1390.7709547718534,30.0
2.006110031E9,1390.7709547718534,30.0
2.00810615E9,1391.0513687645391,60.0
2.007100773E9,1391.6885101063617,30.0
2.010104204E9,1392.2182019685756,30.0
2.011101958E9,1392.2182019685756,30.0
2.008100463E9,1392.2182019685756,30.0
2.011103948E9,1392.685793927098,30.0
2.011103867E9,1392.685793927098,30.0
2.011103149E9,1392.685793927098,30.0
2.01110183E9,1392.685793927098,30.0
2.011100738E9,1392.685793927098,30.0
2.011100056E9,1392.685793927098,30.0
2.011103803E9,1392.685793927098,30.0
2.011102454E9,1392.685793927098,30.0
2.011106111E9,1392.685793927098,30.0
2.009105232E9,1392.6964877095018,30.0
2.010104603E9,1392.6964877095018,30.0
2.010102587E9,1392.6964877095018,30.0
2.01010163E9,1392.6964877095018,30.0
2.006102895E9,1393.4269250893165,30.0
2.005102702E9,1393.4269250893165,30.0
2.007103391E9,1393.4269250893165,30.0
2.008110052E9,1393.43580551793,30.0
2.009110034E9,1393.43580551793,30.0
2.007109314E9,1393.43580551793,30.0
2.009104314E9,1393.5075439864627,30.0
2.009104568E9,1393.5075439864627,30.0
2.009101819E9,1393.5075439864627,30.0
2.009105027E9,1393.5075439864627,30.0
2.00710329E9,1393.7056387911211,60.0
2.008102351E9,1394.1171227585753,30.0
2.009103714E9,1394.1171227585753,30.0
2.007103624E9,1394.3861155656189,30.0
2.006104619E9,1394.3861155656189,30.0
2.007103386E9,1394.3861155656189,30.0
2.006101088E9,1394.979258887616,30.0
2.006100777E9,1394.979258887616,30.0
2.006109312E9,1394.979258887616,30.0
2.00610153E9,1394.979258887616,30.0
2.006106751E9,1394.979258887616,30.0
2.006102564E9,1394.979258887616,30.0
2.006104268E9,1394.979258887616,30.0
2.006109104E9,1394.979258887616,30.0
2.006101023E9,1394.979258887616,30.0
2.006100667E9,1394.979258887616,30.0
2.007103169E9,1395.766108191488,60.0
2.00810667E9,1397.2463697529397,30.0
2.009110029E9,1397.2463697529397,30.0
2.009106736E9,1397.2463697529397,30.0
2.008110102E9,1397.2463697529397,30.0
2.010101779E9,1397.6034954397321,30.0
2.01010543E9,1397.6034954397321,30.0
2.010100576E9,1397.6034954397321,30.0
2.010101452E9,1397.6034954397321,30.0
2.010104703E9,1397.6034954397321,30.0
2.010106063E9,1397.6034954397321,30.0
2.010100027E9,1397.6034954397321,30.0
2.008109071E9,1397.7462343840507,30.0
2.008105898E9,1397.7462343840507,30.0
2.008104827E9,1397.7462343840507,30.0
2.008104378E9,1397.7462343840507,30.0
2.008105006E9,1397.7462343840507,30.0
2.010101975E9,1397.9944323285629,30.0
2.010102245E9,1398.157496475443,30.0
2.010110017E9,1398.157496475443,30.0
2.009106288E9,1398.419447639232,30.0
2.008104656E9,1398.419447639232,30.0
2.009100276E9,1398.8184604997477,30.0
2.009103473E9,1398.8184604997477,30.0
2.009100551E9,1398.8184604997477,30.0
2.009103039E9,1398.8184604997477,30.0
2.009106128E9,1398.8184604997477,30.0
2.009102395E9,1398.8184604997477,30.0
2.009105688E9,1398.8184604997477,30.0
2.009105209E9,1398.8184604997477,30.0
2.009105227E9,1398.8184604997477,30.0
2.007101531E9,1399.0504571906192,30.0
2.0081063E9,1399.0504571906192,30.0
2.008100284E9,1399.147505149404,60.0
2.00610218E9,1399.2327039904708,30.0
2.005105196E9,1399.2327039904708,30.0
2.005104065E9,1399.2327039904708,30.0
2.006105169E9,1399.2327039904708,30.0
2.005109137E9,1399.2327039904708,30.0
2.005102252E9,1399.2327039904708,30.0
2.009102445E9,1399.284986090608,30.0
2.009102851E9,1399.284986090608,30.0
2.009102609E9,1399.284986090608,30.0
2.009103138E9,1399.284986090608,30.0
2.009101607E9,1399.284986090608,30.0
2.009105858E9,1399.284986090608,30.0
2.009110027E9,1399.284986090608,30.0
2.00910071E9,1399.44715826851,30.0
2.009103377E9,1399.44715826851,30.0
2.008102705E9,1399.44715826851,30.0
2.009101641E9,1399.881599569101,30.0
2.009106683E9,1399.881599569101,30.0
2.00910176E9,1399.881599569101,30.0
2.009106804E9,1399.881599569101,30.0
2.009105183E9,1399.881599569101,30.0
2.009100951E9,1399.881599569101,30.0
2.009105888E9,1399.881599569101,30.0
2.009102894E9,1399.881599569101,30.0
2.011105847E9,1400.531496712309,30.0
2.010101025E9,1400.531496712309,30.0
2.011103929E9,1400.531496712309,30.0
2.010102651E9,1400.531496712309,30.0
2.010100446E9,1400.531496712309,30.0
2.010104456E9,1400.531496712309,30.0
2.00810298E9,1400.7899880846035,30.0
2.00810468E9,1400.7899880846035,30.0
2.008100451E9,1400.7899880846035,30.0
2.010104631E9,1400.8384771411697,30.0
2.010104161E9,1400.8384771411697,30.0
2.007102468E9,1400.869665005246,30.0
2.007101008E9,1400.869665005246,30.0
2.007104887E9,1400.869665005246,30.0
2.007105583E9,1400.869665005246,30.0
2.007106555E9,1400.869665005246,30.0
2.0071025E9,1400.869665005246,30.0
2.00710497E9,1400.869665005246,30.0
2.007109156E9,1400.869665005246,30.0
2.007109326E9,1400.869665005246,30.0
2.007102331E9,1400.869665005246,30.0
2.011104388E9,1400.9521426390666,30.0
2.011101124E9,1400.9521426390666,30.0
2.011104129E9,1400.9521426390666,30.0
2.011106079E9,1400.9521426390666,30.0
2.011106524E9,1400.9521426390666,30.0
2.011104006E9,1400.9521426390666,30.0
2.011104837E9,1400.9521426390666,30.0
2.011104409E9,1400.9521426390666,30.0
2.011104696E9,1400.9521426390666,30.0
2.011103326E9,1400.9521426390666,30.0
2.011101837E9,1400.9521426390666,30.0
2.011109158E9,1400.9521426390666,30.0
2.007109167E9,1401.1054557091766,30.0
2.007102396E9,1401.1054557091766,30.0
2.007105735E9,1401.1054557091766,30.0
2.007105352E9,1401.1054557091766,30.0
2.007100507E9,1401.1054557091766,30.0
2.011106358E9,1401.1718400944023,30.0
2.011104459E9,1401.1718400944023,30.0
2.011100547E9,1401.1718400944023,30.0
2.011106597E9,1401.1718400944023,30.0
2.011106112E9,1401.1718400944023,30.0
2.011105065E9,1401.1718400944023,30.0
2.011105537E9,1401.1718400944023,30.0
2.011101335E9,1401.1718400944023,30.0
2.011103605E9,1401.1718400944023,30.0
2.011103892E9,1401.1718400944023,30.0
2.010101904E9,1401.235222521983,30.0
2.005103226E9,1401.3148851936926,30.0
2.005102367E9,1401.3148851936926,30.0
2.005104272E9,1401.3148851936926,30.0
2.005103225E9,1401.3148851936926,30.0
2.005105513E9,1401.3148851936926,30.0
2.005104469E9,1401.3148851936926,30.0
2.005100697E9,1401.3148851936926,30.0
2.005105135E9,1401.3148851936926,30.0
2.005103828E9,1401.3148851936926,30.0
2.011101364E9,1401.5897850920753,30.0
2.011102463E9,1401.5897850920753,30.0
2.011100073E9,1401.5897850920753,30.0
2.011100396E9,1401.5897850920753,30.0
2.010103349E9,1401.630328331368,30.0
2.010102308E9,1401.630328331368,30.0
2.009105013E9,1401.630328331368,30.0
2.010105578E9,1401.630328331368,30.0
2.010104447E9,1401.630328331368,30.0
2.00710266E9,1401.8029455522353,60.0
2.010105584E9,1402.069504081858,30.0
2.010100425E9,1402.069504081858,30.0
2.010101573E9,1402.069504081858,30.0
2.00810275E9,1402.069504081858,30.0
2.006104521E9,1402.442072960132,30.0
2.0071052E9,1402.442072960132,30.0
2.008100068E9,1402.442072960132,30.0
2.007103407E9,1402.5751768725413,30.0
2.0071014E9,1402.5751768725413,30.0
2.00710169E9,1402.5751768725413,30.0
2.00710421E9,1402.5751768725413,30.0
2.00710607E9,1402.5751768725413,30.0
2.007103516E9,1402.5751768725413,30.0
2.010103044E9,1402.9152092446545,30.0
2.010100478E9,1402.9152092446545,30.0
2.010101371E9,1402.9152092446545,30.0
2.010100674E9,1402.9152092446545,30.0
2.009101378E9,1402.9152092446545,30.0
2.010106343E9,1403.5787680062242,30.0
2.010102445E9,1403.5787680062242,30.0
2.010105624E9,1403.5787680062242,30.0
2.010103506E9,1403.5787680062242,30.0
2.010106039E9,1403.5787680062242,30.0
2.010105719E9,1403.5787680062242,30.0
2.00510511E9,1403.858196525993,30.0
2.005102089E9,1403.858196525993,30.0
2.006103354E9,1403.858196525993,30.0
2.005101912E9,1403.858196525993,30.0
2.005103224E9,1403.858196525993,30.0
2.006106789E9,1403.858196525993,30.0
2.008106182E9,1403.986207694224,520.0
2.00611005E9,1404.2576821903056,30.0
2.009106493E9,1404.2576821903056,30.0
2.005100493E9,1404.2576821903056,30.0
2.011103206E9,1404.2811703182465,30.0
2.011103654E9,1404.2811703182465,30.0
2.011104689E9,1404.2811703182465,30.0
2.0111013E9,1404.2811703182465,30.0
2.011103435E9,1404.2811703182465,30.0
2.01110403E9,1404.2811703182465,30.0
2.011100543E9,1404.2811703182465,30.0
2.011101215E9,1404.2811703182465,30.0
2.011100922E9,1404.2811703182465,30.0
2.008109124E9,1404.5026906131347,250.0
2.008101667E9,1404.5670328831438,30.0
2.008100853E9,1404.5670328831438,30.0
2.009104004E9,1404.5670328831438,30.0
2.010104029E9,1404.7591588416208,60.0
2.009100663E9,1404.8615869732703,30.0
2.00910598E9,1404.8615869732703,30.0
2.006102877E9,1404.9186706392738,30.0
2.006102452E9,1404.9186706392738,30.0
2.005103581E9,1404.9186706392738,30.0
2.006106212E9,1404.9186706392738,30.0
2.009104724E9,1405.0885604432715,30.0
2.009103347E9,1405.0885604432715,30.0
2.009103069E9,1405.0885604432715,30.0
2.009104893E9,1405.0885604432715,30.0
2.009104935E9,1405.0885604432715,30.0
2.009106651E9,1405.0885604432715,30.0
2.009101875E9,1405.0885604432715,30.0
2.009100756E9,1405.0885604432715,30.0
2.009109154E9,1405.0885604432715,30.0
2.00910066E9,1405.0885604432715,30.0
2.007100652E9,1405.193460165763,30.0
2.007104399E9,1405.193460165763,30.0
2.005104529E9,1405.193460165763,30.0
2.005102205E9,1405.193460165763,30.0
2.005106371E9,1405.193460165763,30.0
2.007100845E9,1405.193460165763,30.0
2.005102062E9,1405.2009333188691,30.0
2.011110007E9,1405.2855879944273,30.0
2.011103577E9,1405.2855879944273,30.0
2.011102288E9,1405.2855879944273,30.0
2.011104037E9,1405.2855879944273,30.0
2.011103723E9,1405.2855879944273,30.0
2.01110087E9,1405.2855879944273,30.0
2.011110012E9,1405.2855879944273,30.0
2.011104119E9,1405.2855879944273,30.0
2.008101712E9,1405.3306517509602,30.0
2.008101628E9,1405.3306517509602,30.0
2.00810923E9,1405.3306517509602,30.0
2.008110091E9,1405.3306517509602,30.0
2.008101753E9,1405.3306517509602,30.0
2.008104459E9,1405.3306517509602,30.0
2.008106615E9,1405.3306517509602,30.0
2.008102078E9,1405.3306517509602,30.0
2.008105598E9,1405.3306517509602,30.0
2.008105819E9,1405.3306517509602,30.0
2.010105275E9,1405.3402860754582,30.0
2.010104742E9,1405.3402860754582,30.0
2.010103297E9,1405.3402860754582,30.0
2.010106359E9,1405.3402860754582,30.0
2.010100847E9,1405.3402860754582,30.0
2.010103718E9,1405.3402860754582,30.0
2.01010166E9,1405.3402860754582,30.0
2.010101373E9,1405.3402860754582,30.0
2.010102473E9,1405.3402860754582,30.0
2.010101208E9,1405.3402860754582,30.0
2.008103616E9,1405.8492682769663,30.0
2.006101655E9,1405.8492682769663,30.0
2.006102956E9,1405.8492682769663,30.0
2.008103214E9,1405.8492682769663,30.0
2.007103635E9,1405.8492682769663,30.0
2.011103912E9,1405.9407908106193,30.0
2.011103095E9,1405.9407908106193,30.0
2.011103998E9,1405.9407908106193,30.0
2.010103237E9,1405.9407908106193,30.0
2.010106242E9,1405.9407908106193,30.0
2.011103141E9,1405.9407908106193,30.0
2.01110091E9,1405.9407908106193,30.0
2.011101263E9,1405.9407908106193,30.0
2.009102356E9,1406.0476660296583,60.0
2.00610355E9,1406.443310117315,30.0
2.006104009E9,1406.443310117315,30.0
2.007105166E9,1406.443310117315,30.0
2.00611004E9,1406.443310117315,30.0
2.005110224E9,1406.6137627059868,30.0
2.005102341E9,1406.6137627059868,30.0
2.005102604E9,1406.6137627059868,30.0
2.005101924E9,1406.6137627059868,30.0
2.00510102E9,1406.6137627059868,30.0
2.005103481E9,1406.6137627059868,30.0
2.005100511E9,1406.6137627059868,30.0
2.00510052E9,1406.6137627059868,30.0
2.010105951E9,1406.7529825389065,30.0
2.01010406E9,1406.7529825389065,30.0
2.011106088E9,1406.7529825389065,30.0
2.011104398E9,1406.7529825389065,30.0
2.010101253E9,1406.7529825389065,30.0
2.009101221E9,1407.1125494848984,30.0
2.010100898E9,1407.1125494848984,30.0
2.010104226E9,1407.1125494848984,30.0
2.011100095E9,1407.1652617721659,30.0
2.011101776E9,1407.1652617721659,30.0
2.011105361E9,1407.1652617721659,30.0
2.00910133E9,1407.1970186012659,30.0
2.009101536E9,1407.1970186012659,30.0
2.009106799E9,1407.1970186012659,30.0
2.009101025E9,1407.1970186012659,30.0
2.01010651E9,1407.5743245654066,30.0
2.01010196E9,1407.5743245654066,30.0
2.011100416E9,1407.6180043856248,30.0
2.010104509E9,1407.6180043856248,30.0
2.010103939E9,1407.6180043856248,30.0
2.009100502E9,1407.6180043856248,30.0
2.009103522E9,1407.6180043856248,30.0
2.010100946E9,1407.8493302315376,30.0
2.011104287E9,1407.8493302315376,30.0
2.010110031E9,1407.8493302315376,30.0
2.0111037E9,1407.8493302315376,30.0
2.006100367E9,1407.897020847199,30.0
2.005100291E9,1407.897020847199,30.0
2.006103731E9,1407.897020847199,30.0
2.005100165E9,1407.897020847199,30.0
2.005100631E9,1407.897020847199,30.0
2.006102985E9,1407.897020847199,30.0
2.0051034E9,1407.897020847199,30.0
2.00810458E9,1407.897020847199,30.0
2.00710597E9,1407.897020847199,30.0
2.00910357E9,1407.9689597209706,30.0
2.009102122E9,1407.9689597209706,30.0
2.009101111E9,1407.9689597209706,30.0
2.009100878E9,1407.9689597209706,30.0
2.009100495E9,1407.9689597209706,30.0
2.009100455E9,1407.9689597209706,30.0
2.00910617E9,1407.9689597209706,30.0
2.009106552E9,1407.9689597209706,30.0
2.006105428E9,1408.1325338348133,30.0
2.006104686E9,1408.1325338348133,30.0
2.005106043E9,1408.1325338348133,30.0
2.006103554E9,1408.1325338348133,30.0
2.005104734E9,1408.1325338348133,30.0
2.006101705E9,1408.1325338348133,30.0
2.005106166E9,1408.1325338348133,30.0
2.011103804E9,1408.2324486520997,30.0
2.01110011E9,1408.2324486520997,30.0
2.011104153E9,1408.2324486520997,30.0
2.005103962E9,1409.0651259317094,30.0
2.005103845E9,1409.0651259317094,30.0
2.006106797E9,1409.0651259317094,30.0
2.006103378E9,1409.0651259317094,30.0
2.006101075E9,1409.0651259317094,30.0
2.006101643E9,1409.0651259317094,30.0
2.006106475E9,1409.0651259317094,30.0
2.006104516E9,1409.0651259317094,30.0
2.011102392E9,1410.0912053739653,30.0
2.01110174E9,1410.0912053739653,30.0
2.011105118E9,1410.0912053739653,30.0
2.007101396E9,1410.2074884635283,30.0
2.00810406E9,1410.2074884635283,30.0
2.010101304E9,1410.3038545024976,30.0
2.011110034E9,1410.3573746246452,30.0
2.009106126E9,1410.3573746246452,30.0
2.011102359E9,1410.3573746246452,30.0
2.010104283E9,1410.3573746246452,30.0
2.010104815E9,1410.7453798757697,60.0
2.008103677E9,1410.8643918452624,30.0
2.008102301E9,1410.8643918452624,30.0
2.008100964E9,1410.8643918452624,30.0
2.008100171E9,1410.8643918452624,30.0
2.00810294E9,1410.8643918452624,30.0
2.008105368E9,1410.8643918452624,30.0
2.008104294E9,1410.8643918452624,30.0
2.008103821E9,1410.8643918452624,30.0
2.009106234E9,1410.949810710677,30.0
2.011106065E9,1410.949810710677,30.0
2.01110042E9,1410.949810710677,30.0
2.010105676E9,1410.949810710677,30.0
2.007110091E9,1411.2197192202323,30.0
2.007102653E9,1411.3739522585047,30.0
2.008104136E9,1411.3739522585047,30.0
2.008106104E9,1411.3739522585047,30.0
2.00710103E9,1411.4971120242367,60.0
2.005100576E9,1411.5444263717714,30.0
2.005106246E9,1411.5444263717714,30.0
2.005104021E9,1411.5444263717714,30.0
2.005103889E9,1411.5444263717714,30.0
2.00510155E9,1411.5444263717714,30.0
2.005106736E9,1411.5444263717714,30.0
2.005103326E9,1411.5444263717714,30.0
2.005106364E9,1411.5444263717714,30.0
2.005100619E9,1411.5444263717714,30.0
2.009104665E9,1411.6735891021824,30.0
2.009104204E9,1411.6735891021824,30.0
2.009110107E9,1411.8126674639643,30.0
2.010100767E9,1411.8126674639643,30.0
2.009104127E9,1411.8126674639643,30.0
2.009106394E9,1411.8126674639643,30.0
2.009101809E9,1411.8126674639643,30.0
2.009106532E9,1412.0573633778877,30.0
2.009102566E9,1412.0573633778877,30.0
2.008101586E9,1412.1124101302494,30.0
2.005106221E9,1412.1124101302494,30.0
2.007104736E9,1412.1124101302494,30.0
2.008100124E9,1412.6105376038256,30.0
2.008102065E9,1412.6105376038256,30.0
2.008105417E9,1412.6105376038256,30.0
2.008106018E9,1412.6105376038256,30.0
2.008106559E9,1412.6105376038256,30.0
2.008101442E9,1412.6105376038256,30.0
2.00810628E9,1412.6105376038256,30.0
2.008101464E9,1412.6105376038256,30.0
2.009100334E9,1412.677395956043,30.0
2.009100118E9,1412.677395956043,30.0
2.009105575E9,1412.677395956043,30.0
2.009102879E9,1413.148719138417,30.0
2.010103259E9,1413.148719138417,30.0
2.010103187E9,1413.148719138417,30.0
2.01010028E9,1413.148719138417,30.0
2.010100025E9,1413.148719138417,30.0
2.010101574E9,1413.148719138417,30.0
2.011105548E9,1413.2311807581696,30.0
2.010104123E9,1413.2311807581696,30.0
2.005102698E9,1413.5460435799273,30.0
2.007100477E9,1413.5460435799273,30.0
2.007103293E9,1413.7376256284401,30.0
2.007109331E9,1413.7376256284401,30.0
2.00710012E9,1413.7376256284401,30.0
2.007105574E9,1413.7376256284401,30.0
2.007104299E9,1413.7376256284401,30.0
2.007104365E9,1413.7376256284401,30.0
2.007104179E9,1413.7376256284401,30.0
2.007106075E9,1413.7376256284401,30.0
2.007101825E9,1413.7376256284401,30.0
2.010106085E9,1413.9129394093347,30.0
2.011105559E9,1413.9129394093347,30.0
2.011103537E9,1413.9129394093347,30.0
2.008105744E9,1413.9129394093347,30.0
2.009101773E9,1413.9129394093347,30.0
2.00910918E9,1414.222589772176,30.0
2.008101493E9,1414.222589772176,30.0
2.00910466E9,1414.222589772176,30.0
2.008102428E9,1414.222589772176,30.0
2.009106438E9,1414.222589772176,30.0
2.008102049E9,1414.5045167253995,30.0
2.008100155E9,1414.5045167253995,30.0
2.006100739E9,1414.581669352556,320.0
2.006102976E9,1414.6995495293293,30.0
2.007101499E9,1415.2571510207226,30.0
2.007105726E9,1415.2571510207226,30.0
2.006105227E9,1415.4173138792698,30.0
2.006103172E9,1415.4173138792698,30.0
2.006105818E9,1415.4173138792698,30.0
2.006102705E9,1415.4173138792698,30.0
2.006101963E9,1415.4173138792698,30.0
2.006105727E9,1415.4173138792698,30.0
2.009105512E9,1415.5078070408479,30.0
2.011102901E9,1415.9707127922693,30.0
2.011104719E9,1415.9707127922693,30.0
2.011101133E9,1415.9707127922693,30.0
2.011103642E9,1415.9707127922693,30.0
2.011105418E9,1415.9707127922693,30.0
2.011102665E9,1416.0127136622707,30.0
2.011100514E9,1416.0127136622707,30.0
2.011105969E9,1416.0127136622707,30.0
2.011100858E9,1416.0127136622707,30.0
2.011103938E9,1416.0127136622707,30.0
2.011104691E9,1416.0127136622707,30.0
2.011105522E9,1416.0127136622707,30.0
2.011104397E9,1416.0127136622707,30.0
2.011100763E9,1417.3774244196413,30.0
2.011104456E9,1417.3774244196413,30.0
2.010100666E9,1417.3774244196413,30.0
2.010109096E9,1417.3774244196413,30.0
2.010100473E9,1417.3774244196413,30.0
2.010105386E9,1417.3774244196413,30.0
2.00910581E9,1417.3774244196413,30.0
2.009103722E9,1417.9811366897475,30.0
2.006103593E9,1417.9811366897475,30.0
2.008101151E9,1417.9811366897475,30.0
2.00710622E9,1418.0208129983005,30.0
2.006106393E9,1418.0208129983005,30.0
2.009102375E9,1418.0208129983005,30.0
2.007100396E9,1418.0208129983005,30.0
2.00710263E9,1418.0208129983005,30.0
2.007104743E9,1418.0969379266708,30.0
2.008103887E9,1418.0969379266708,30.0
2.007101808E9,1418.0969379266708,30.0
2.005106501E9,1418.161317326413,30.0
2.008103982E9,1418.161317326413,30.0
2.006105211E9,1418.161317326413,30.0
2.008101653E9,1418.161317326413,30.0
2.006102456E9,1418.161317326413,30.0
2.008106213E9,1418.161317326413,30.0
2.011105298E9,1418.2778781836898,30.0
2.009109156E9,1418.294977719501,30.0
2.007101621E9,1418.294977719501,30.0
2.010100212E9,1418.4225835797129,30.0
2.01010036E9,1418.4225835797129,30.0
2.010104014E9,1418.4225835797129,30.0
2.007103374E9,1418.7293447906466,30.0
2.00710189E9,1418.7293447906466,30.0
2.006100358E9,1418.7293447906466,30.0
2.007101929E9,1418.7293447906466,30.0
2.006105412E9,1418.7293447906466,30.0
2.007102789E9,1418.7293447906466,30.0
2.010104557E9,1419.2587190580912,30.0
2.010101799E9,1419.2587190580912,30.0
2.010104756E9,1419.2587190580912,30.0
2.009105481E9,1419.7055091485674,30.0
2.009103874E9,1419.7055091485674,30.0
2.009104738E9,1419.7055091485674,30.0
2.009102752E9,1419.7055091485674,30.0
2.00910311E9,1419.7055091485674,30.0
2.008106606E9,1420.018141399069,30.0
2.009106807E9,1420.018141399069,30.0
2.00910191E9,1420.7257031369884,60.0
2.009106133E9,1420.8845000425792,30.0
2.005106477E9,1421.4626483537465,30.0
2.008101613E9,1421.4626483537465,30.0
2.008104247E9,1421.4626483537465,30.0
2.009102297E9,1421.4626483537465,30.0
2.00910608E9,1421.4626483537465,30.0
2.00910153E9,1421.8821031485938,30.0
2.00710055E9,1421.8821031485938,30.0
2.008104125E9,1421.9076727661602,30.0
2.008103257E9,1421.9076727661602,30.0
2.008102416E9,1421.9076727661602,30.0
2.006110033E9,1422.111584713228,30.0
2.006102992E9,1422.111584713228,30.0
2.005102219E9,1422.111584713228,30.0
2.007110053E9,1422.111584713228,30.0
2.007102938E9,1422.1798011900485,30.0
2.007105165E9,1422.545680335811,30.0
2.005106331E9,1422.545680335811,30.0
2.010103753E9,1422.6043516866998,30.0
2.00810056E9,1422.6043516866998,30.0
2.01010176E9,1422.6043516866998,30.0
2.010105872E9,1422.6043516866998,30.0
2.010101122E9,1422.6043516866998,30.0
2.010106399E9,1422.6495963465075,30.0
2.010104974E9,1422.6495963465075,30.0
2.010105452E9,1422.6495963465075,30.0
2.011104429E9,1422.829439383492,30.0
2.0111038E9,1422.829439383492,30.0
2.008104213E9,1422.829439383492,30.0
2.008103187E9,1422.829439383492,30.0
2.009105454E9,1423.1388102301066,30.0
2.010102979E9,1423.1388102301066,30.0
2.009106181E9,1423.1388102301066,30.0
2.010106008E9,1423.1388102301066,30.0
2.008101858E9,1423.1511825228126,30.0
2.01010414E9,1423.1511825228126,30.0
2.009100335E9,1423.1511825228126,30.0
2.010100998E9,1423.4301011030927,30.0
2.010103091E9,1423.4301011030927,30.0
2.010104229E9,1423.4301011030927,30.0
2.011102261E9,1423.43288305519,30.0
2.011101972E9,1423.43288305519,30.0
2.011105264E9,1423.43288305519,30.0
2.011104151E9,1423.768796117138,30.0
2.01110343E9,1423.768796117138,30.0
2.010104775E9,1423.768796117138,30.0
2.010104126E9,1423.768796117138,30.0
2.011104236E9,1423.768796117138,30.0
2.01010634E9,1423.768796117138,30.0
2.006101297E9,1423.997815616701,30.0
2.006104518E9,1424.6404708418836,30.0
2.006109031E9,1424.6404708418836,30.0
2.006105845E9,1424.6404708418836,30.0
2.005103517E9,1424.6404708418836,30.0
2.006104083E9,1424.6404708418836,30.0
2.007101494E9,1424.6404708418836,30.0
2.011100488E9,1425.022290789069,30.0
2.011101163E9,1425.022290789069,30.0
2.011106139E9,1425.022290789069,30.0
2.011102622E9,1425.022290789069,30.0
2.011105615E9,1425.022290789069,30.0
2.011104323E9,1425.022290789069,30.0
2.011100653E9,1425.022290789069,30.0
2.011104932E9,1425.022290789069,30.0
2.010106032E9,1425.3626087839577,30.0
2.010104462E9,1425.3626087839577,30.0
2.009101044E9,1425.7918103138259,30.0
2.010102273E9,1425.7918103138259,30.0
2.011102013E9,1426.211858761581,30.0
2.011105694E9,1426.211858761581,30.0
2.011100589E9,1426.211858761581,30.0
2.011101127E9,1426.211858761581,30.0
2.01110322E9,1426.211858761581,30.0
2.011100259E9,1426.211858761581,30.0
2.011100618E9,1426.211858761581,30.0
2.011109126E9,1426.211858761581,30.0
2.011104798E9,1426.211858761581,30.0
2.011105674E9,1426.211858761581,30.0
2.01110155E9,1426.211858761581,30.0
2.007109071E9,1426.212115039214,30.0
2.007104791E9,1426.212115039214,30.0
2.006104311E9,1426.212115039214,30.0
2.007100486E9,1426.212115039214,30.0
2.007109153E9,1426.212115039214,30.0
2.006100482E9,1426.212115039214,30.0
2.006106794E9,1426.2555088804781,30.0
2.008100386E9,1426.2555088804781,30.0
2.006101542E9,1426.2555088804781,30.0
2.007102873E9,1426.2555088804781,30.0
2.008100484E9,1426.2555088804781,30.0
2.007103395E9,1426.2555088804781,30.0
2.011100532E9,1426.7081279645633,30.0
2.011101037E9,1426.7081279645633,30.0
2.011101081E9,1426.7081279645633,30.0
2.009106393E9,1426.7081279645633,30.0
2.010102981E9,1427.0355779733284,30.0
2.010103083E9,1427.0355779733284,30.0
2.010100013E9,1427.0355779733284,30.0
2.010104197E9,1427.0355779733284,30.0
2.010101048E9,1427.0355779733284,30.0
2.010101813E9,1427.0355779733284,30.0
2.010105446E9,1427.0355779733284,30.0
2.0101014E9,1427.0355779733284,30.0
2.010104265E9,1427.0355779733284,30.0
2.010103433E9,1427.0355779733284,30.0
2.010100944E9,1427.0663158857335,30.0
2.009102924E9,1427.4690439486103,30.0
2.010106307E9,1427.4690439486103,30.0
2.01010018E9,1427.4690439486103,30.0
2.007102752E9,1427.7574323240005,30.0
2.009103975E9,1427.7574323240005,30.0
2.009110022E9,1427.7574323240005,30.0
2.009106062E9,1427.7574323240005,30.0
2.009104148E9,1427.9386240477106,30.0
2.010101635E9,1428.1953389306695,30.0
2.00911005E9,1428.1953389306695,30.0
2.01010033E9,1428.1953389306695,30.0
2.010100045E9,1428.1953389306695,30.0
2.010101956E9,1428.1953389306695,30.0
2.007100921E9,1428.30084272266,30.0
2.005105866E9,1428.30084272266,30.0
2.007101483E9,1428.30084272266,30.0
2.005100413E9,1428.30084272266,30.0
2.008101291E9,1428.30084272266,30.0
2.009105779E9,1428.7245764928202,30.0
2.006104831E9,1428.7245764928202,30.0
2.010104549E9,1428.7245764928202,30.0
2.010105823E9,1428.7245764928202,30.0
2.006100292E9,1428.7415262528764,30.0
2.00510582E9,1428.7415262528764,30.0
2.009102638E9,1428.7415262528764,30.0
2.011103089E9,1428.7476282963444,30.0
2.011104402E9,1428.8313977687405,30.0
2.010101969E9,1428.8313977687405,30.0
2.01010487E9,1428.8313977687405,30.0
2.007104692E9,1429.225637624035,30.0
2.009103532E9,1429.225637624035,30.0
2.011104226E9,1429.7772320552326,30.0
2.011103621E9,1429.7772320552326,30.0
2.011104348E9,1429.7772320552326,30.0
2.011106549E9,1429.7772320552326,30.0
2.011102224E9,1429.7772320552326,30.0
2.011101132E9,1429.7772320552326,30.0
2.011104347E9,1429.7772320552326,30.0
2.011106383E9,1429.7772320552326,30.0
2.011106601E9,1429.7772320552326,30.0
2.011101541E9,1429.7772320552326,30.0
2.005102652E9,1429.7886937899411,30.0
2.005106324E9,1429.7886937899411,30.0
2.005105295E9,1429.7886937899411,30.0
2.006102493E9,1429.7886937899411,30.0
2.005107005E9,1429.7886937899411,30.0
2.005103137E9,1429.7886937899411,30.0
2.007109158E9,1430.2615997480332,30.0
2.009106603E9,1430.2615997480332,30.0
2.006102488E9,1430.471432799324,30.0
2.006101315E9,1430.471432799324,30.0
2.006104915E9,1430.471432799324,30.0
2.006101865E9,1430.471432799324,30.0
2.006101688E9,1430.471432799324,30.0
2.006106204E9,1430.471432799324,30.0
2.006100767E9,1430.471432799324,30.0
2.006101831E9,1430.471432799324,30.0
2.006104271E9,1430.471432799324,30.0
2.00610044E9,1430.471432799324,30.0
2.007106507E9,1430.4973690877332,30.0
2.007105852E9,1430.4973690877332,30.0
2.005110043E9,1430.9417304869996,30.0
2.00710454E9,1431.2888416973567,30.0
2.007101534E9,1431.2888416973567,30.0
2.007101911E9,1431.2888416973567,30.0
2.007106704E9,1431.2888416973567,30.0
2.007103205E9,1431.2888416973567,30.0
2.00710162E9,1431.2888416973567,30.0
2.007104317E9,1431.2888416973567,30.0
2.007100052E9,1431.2888416973567,30.0
2.007101529E9,1431.2888416973567,30.0
2.005105204E9,1431.7597050546617,30.0
2.011102638E9,1431.8084479731006,30.0
2.011105967E9,1431.8084479731006,30.0
2.011101143E9,1431.8084479731006,30.0
2.011106059E9,1431.8084479731006,30.0
2.011105801E9,1431.8084479731006,30.0
2.011100806E9,1431.8084479731006,30.0
2.008105123E9,1431.8266580754862,30.0
2.009105883E9,1431.8266580754862,30.0
2.009110013E9,1431.8266580754862,30.0
2.010104213E9,1432.1031930167612,30.0
2.011106404E9,1433.6207204420964,30.0
2.009106172E9,1433.6235110468301,30.0
2.006105054E9,1433.6235110468301,30.0
2.010102879E9,1433.9413004881267,30.0
2.011101907E9,1433.9413004881267,30.0
2.008101002E9,1434.1415640522725,30.0
2.010103255E9,1434.4333001604273,30.0
2.009106014E9,1434.4333001604273,30.0
2.006102715E9,1434.771254026089,30.0
2.00710041E9,1434.771254026089,30.0
2.007104288E9,1434.771254026089,30.0
2.007104297E9,1434.771254026089,30.0
2.006100064E9,1434.771254026089,30.0
2.007100474E9,1434.771254026089,30.0
2.007102008E9,1434.771254026089,30.0
2.007106033E9,1434.771254026089,30.0
2.00810288E9,1437.6876954429738,30.0
2.009106595E9,1437.6876954429738,30.0
2.011104195E9,1437.6876954429738,30.0
2.01110457E9,1438.377158291869,30.0
2.011105452E9,1438.377158291869,30.0
2.01110258E9,1438.377158291869,30.0
2.011103889E9,1438.377158291869,30.0
2.00811009E9,1439.0222391449295,30.0
2.010105596E9,1439.0222391449295,30.0
2.007104998E9,1439.0909630284134,30.0
2.010103256E9,1439.0909630284134,30.0
2.009104891E9,1439.0909630284134,30.0
2.008101638E9,1439.0909630284134,30.0
2.010105282E9,1439.0909630284134,30.0
2.010102323E9,1439.8442440833662,30.0
2.010110107E9,1439.8442440833662,30.0
2.009102961E9,1439.8442440833662,30.0
2.008103064E9,1439.8442440833662,30.0
2.008100291E9,1440.5071530090688,30.0
2.008104697E9,1440.5071530090688,30.0
2.011106002E9,1441.3837196500729,30.0
2.010103178E9,1441.3837196500729,30.0
2.011104148E9,1441.3837196500729,30.0
2.009103518E9,1441.4050533995646,30.0
2.010104098E9,1441.4050533995646,30.0
2.006101893E9,1441.5264590963332,30.0
2.00910523E9,1441.5264590963332,30.0
2.009101491E9,1442.55761713595,30.0
2.009102644E9,1442.55761713595,30.0
2.009106173E9,1443.7196301285467,30.0
2.009100642E9,1443.7196301285467,30.0
2.007103253E9,1443.734751918379,30.0
2.007105427E9,1443.9593157004892,30.0
2.007104879E9,1443.9593157004892,30.0
2.005101133E9,1443.9593157004892,30.0
2.010100916E9,1444.5241020744443,30.0
2.01011006E9,1445.1761949867366,30.0
2.011105838E9,1445.1761949867366,30.0
2.008103844E9,1445.1761949867366,30.0
2.008100538E9,1445.1761949867366,30.0
2.008101058E9,1445.1761949867366,30.0
2.011102008E9,1445.1761949867366,30.0
2.009104863E9,1445.9734657694974,30.0
2.007101071E9,1448.2502936366684,30.0
2.009101139E9,1448.2502936366684,30.0
2.011105098E9,1449.0076100296733,30.0
2.010102582E9,1449.0076100296733,30.0
2.011103736E9,1449.0076100296733,30.0
2.011106338E9,1449.0076100296733,30.0
2.008100784E9,1449.2720377303947,30.0
2.00911004E9,1449.2720377303947,30.0
2.010104789E9,1449.2720377303947,30.0
2.011110025E9,1450.6284568686945,30.0
2.008102875E9,1450.6284568686945,30.0
2.008104816E9,1451.4091438919477,30.0
2.00910383E9,1451.4091438919477,30.0
2.01010417E9,1451.4091438919477,30.0
2.008102947E9,1451.4816181013075,30.0
2.011104369E9,1451.4816181013075,30.0
2.008100608E9,1451.4816181013075,30.0
2.009101353E9,1453.3040810497666,30.0
2.005103586E9,1453.4487165433977,30.0
2.009106492E9,1453.4487165433977,30.0
2.008105087E9,1459.4604038761174,30.0
2.009103889E9,1459.6261608749835,30.0
2.009106155E9,1459.6261608749835,30.0
2.008104413E9,1461.5994356065462,300.0
2.008100151E9,1462.4084617625056,30.0
2.009100857E9,1462.4084617625056,30.0
2.00810326E9,1462.4084617625056,30.0
2.010100965E9,1468.7861101234862,440.0
2.008104049E9,1473.982608555572,210.0
2.007104748E9,1479.653100528303,160.0
2.00910644E9,1488.0603961206823,130.0
2.008105612E9,1496.6066247979354,230.0
2.008101131E9,1510.8997895525833,130.0
2.00610165E9,1512.9187187216523,140.0
2.008104789E9,1518.5907892139637,350.0
2.008105116E9,1522.534907381261,130.0
2.008102229E9,1532.9155750891543,160.0
2.006101119E9,1535.9769320491366,160.0
2.008100077E9,1541.0049641217865,300.0
2.006102919E9,1543.4613908864874,270.0
2.005103486E9,1546.3236401436875,120.0
2.010103064E9,1549.711752439894,300.0
2.006101762E9,1551.3494026260091,110.0
2.009105291E9,1551.611329518995,180.0
2.010106367E9,1552.6271664022024,170.0
2.007102472E9,1553.6991995579342,300.0
2.006103889E9,1555.0061975957026,200.0
2.00610288E9,1566.9931114302638,230.0
2.007104354E9,1567.3286681492948,330.0
2.007101799E9,1569.6901775284289,140.0
2.01010041E9,1571.1438794400767,260.0
2.00810595E9,1572.6611828116731,130.0
2.00510567E9,1573.3443264982125,160.0
2.01010227E9,1573.5803786514873,190.0
2.006103402E9,1578.4865024802627,180.0
2.009103067E9,1580.0562957319587,180.0
2.010105347E9,1590.032941721525,200.0
2.010100202E9,1590.035734521452,260.0
2.008100526E9,1590.148950693565,260.0
2.006106608E9,1590.2105511189443,310.0
2.008103403E9,1593.31621154161,310.0
2.010102152E9,1593.5538360940927,140.0
2.008105792E9,1595.9429355643292,570.0
2.00710512E9,1597.4665296632227,290.0
2.010100964E9,1601.142197874643,140.0
2.007105024E9,1601.1650322864455,290.0
2.009106359E9,1601.9073150987126,360.0
2.009103394E9,1603.4422313961243,190.0
2.00810119E9,1603.7900469601616,160.0
2.010105789E9,1604.0231360679143,200.0
2.008105289E9,1605.9519240233542,140.0
2.010105028E9,1611.3664673335306,140.0
2.007106375E9,1612.3952186613224,220.0
2.010103289E9,1616.6604991263093,200.0
2.008101397E9,1618.481266575754,130.0
2.011103797E9,1619.4407685273034,100.0
2.006106521E9,1620.2191525496555,270.0
2.010102774E9,1621.6496726127568,130.0
2.009105835E9,1622.7263743879944,180.0
2.007105054E9,1624.4500459367146,400.0
2.007109172E9,1624.6782521906873,770.0
2.010105316E9,1627.0666698134416,200.0
2.008100994E9,1627.681943046299,130.0
2.006102357E9,1628.1614987145556,140.0
2.005106569E9,1630.272095078024,160.0
2.007102496E9,1630.304364012363,470.0
2.007105487E9,1631.0361151839556,240.0
2.006106413E9,1633.3192409289322,220.0
2.010103875E9,1635.2558681566202,280.0
2.010103225E9,1636.8273578532037,230.0
2.007105588E9,1638.5019497407186,180.0
2.006103076E9,1641.3453661940073,200.0
2.006100796E9,1643.437101577159,350.0
2.006102151E9,1643.4806883956405,170.0
2.010103942E9,1644.2401616964328,160.0
2.006110097E9,1645.0695646312672,180.0
2.006105164E9,1645.8694544771465,170.0
2.006102804E9,1646.5531757415042,130.0
2.007103846E9,1647.0601193619038,950.0
2.009106151E9,1647.1181019786677,260.0
2.009101405E9,1648.1007519772406,480.0
2.007109152E9,1649.4074566151635,380.0
2.008109184E9,1650.821544589633,110.0
2.008105524E9,1651.0370675010474,340.0
2.007100651E9,1653.5344971970335,390.0
2.008106027E9,1654.6839880120806,100.0
2.008102421E9,1655.132948651345,310.0
2.008101012E9,1655.2739047721907,170.0
2.010104038E9,1657.7156308374433,140.0
2.005104492E9,1657.971893673353,140.0
2.009103844E9,1658.8083655304197,150.0
2.005106509E9,1658.9639139747514,210.0
2.010102217E9,1661.9948115898096,200.0
2.009103405E9,1662.9110765640908,230.0
2.010104472E9,1663.1336689905859,210.0
2.00910555E9,1663.7680337541208,230.0
2.009104182E9,1663.8244224938214,240.0
2.009105522E9,1667.4788986472008,300.0
2.007104281E9,1667.9035685629142,150.0
2.008100088E9,1669.644002209718,1050.0
2.006104821E9,1672.5290411508386,280.0
2.005101344E9,1675.221376563719,170.0
2.011104245E9,1676.8211770127166,150.0
2.007102909E9,1677.901724653507,170.0
2.010104495E9,1678.0559632528723,270.0
2.007106312E9,1678.1842354829646,160.0
2.010104764E9,1678.9327502140532,170.0
2.009105479E9,1680.2277790804524,210.0
2.005103133E9,1681.4225665741103,120.0
2.010104141E9,1681.9096994413699,390.0
2.009103076E9,1684.6729666443514,630.0
2.010102581E9,1686.6962595030707,330.0
2.008101393E9,1687.0489907486822,200.0
2.01110297E9,1687.416149942506,150.0
2.00610227E9,1688.5270829395063,210.0
2.00810564E9,1690.5172704237864,120.0
2.009100877E9,1690.5521612142943,530.0
2.007104264E9,1691.847250992941,510.0
2.008103291E9,1693.969973400599,250.0
2.009106227E9,1694.370536238346,620.0
2.006106478E9,1694.451171313249,480.0
2.007102642E9,1695.8787297110023,160.0
2.00710578E9,1695.923092907655,180.0
2.010102645E9,1696.1336464943315,120.0
2.00610149E9,1696.4376269709085,110.0
2.007105203E9,1697.9855300822912,490.0
2.006105714E9,1697.9899522080477,210.0
2.009102197E9,1699.9946418864704,340.0
2.007100904E9,1701.1623132093744,280.0
2.010104693E9,1702.8387327133632,110.0
2.008110022E9,1703.154548738029,140.0
2.009106738E9,1706.1607553228991,270.0
2.006103177E9,1706.2994521816381,140.0
2.008103575E9,1707.0264901776577,170.0
2.006104846E9,1708.4931288577152,130.0
2.009106057E9,1708.6260698670642,140.0
2.009102658E9,1708.7402148311317,300.0
2.008105668E9,1708.8934880902832,160.0
2.010104176E9,1709.3258855168706,240.0
2.00910405E9,1709.7050461510332,210.0
2.006103349E9,1710.6001345904165,160.0
2.01110493E9,1711.3859014288255,210.0
2.009104157E9,1711.506489275119,180.0
2.009101054E9,1711.6880637302686,400.0
2.009102318E9,1714.8774263246644,180.0
2.005102398E9,1715.466922733073,110.0
2.006103375E9,1717.9589792925012,110.0
2.007101731E9,1725.9907073967383,640.0
2.011102542E9,1727.0948003355727,180.0
2.0091016E9,1727.5413845295966,150.0
2.011105039E9,1728.2179374006616,180.0
2.009104096E9,1731.042895431618,480.0
2.009105994E9,1731.0589116838553,210.0
2.009109162E9,1732.5182668013651,180.0
2.010104202E9,1732.5589850895235,180.0
2.008105559E9,1733.361090932063,100.0
2.007101834E9,1734.6633448352086,350.0
2.010100768E9,1735.5449317765392,160.0
2.009100348E9,1736.1606378249878,320.0
2.011100771E9,1736.9192308198697,160.0
2.010101363E9,1737.0401839952915,410.0
2.008104714E9,1737.5203513238705,190.0
2.007103336E9,1737.7002543768572,270.0
2.007102904E9,1738.2998183181994,140.0
2.008104749E9,1739.5679447507127,180.0
2.011110066E9,1741.8560476007115,200.0
2.009101971E9,1742.1288883394384,240.0
2.009100783E9,1742.7064514543085,220.0
2.009101336E9,1743.0604082450122,300.0
2.011104883E9,1743.4659742258464,370.0
2.010103228E9,1744.48708878561,110.0
2.010104221E9,1744.8998402371424,170.0
2.010106442E9,1745.5435111784932,260.0
2.008105102E9,1746.0959419845317,680.0
2.008104085E9,1746.433382006153,470.0
2.011100289E9,1746.9699446464372,70.0
2.009103505E9,1746.9760208248022,180.0
2.0101044E9,1747.536221276059,520.0
2.011104141E9,1748.1941098924951,100.0
2.011103931E9,1748.974865257297,140.0
2.011103825E9,1749.1982531262565,70.0
2.010102925E9,1749.2938710452224,110.0
2.007106306E9,1750.3407564204429,360.0
2.008100673E9,1751.6523727057786,560.0
2.010102288E9,1752.5041992436306,80.0
2.006106348E9,1752.7786795146467,140.0
2.007100624E9,1753.1274704833666,190.0
2.005100154E9,1753.6204110671097,180.0
2.011101136E9,1754.196114736429,290.0
2.009100445E9,1755.629963035351,130.0
2.007102803E9,1755.7004458415822,170.0
2.011100021E9,1756.4849381177723,170.0
2.009105432E9,1757.4195263845659,320.0
2.011104619E9,1757.9259318323882,170.0
2.010101998E9,1757.947562702029,210.0
2.007105484E9,1759.1456552524905,200.0
2.005100916E9,1759.213099530329,140.0
2.009104653E9,1759.699554224355,420.0
2.010101328E9,1760.5994283294262,130.0
2.010104084E9,1762.6139061845588,100.0
2.009100588E9,1763.359918760777,470.0
2.010103915E9,1763.9718617643769,100.0
2.00710915E9,1764.1769997452022,240.0
2.008102552E9,1765.09097645746,300.0
2.010103165E9,1765.4090839587084,130.0
2.00810562E9,1766.3905426763956,130.0
2.007102726E9,1767.036586139692,180.0
2.007106238E9,1768.7517144633155,150.0
2.009106512E9,1770.2337509764868,180.0
2.009105703E9,1772.3352436160133,180.0
2.007101456E9,1773.7109533144364,130.0
2.011104408E9,1774.3190056299934,360.0
2.009110064E9,1774.7683911751137,240.0
2.007100337E9,1775.2979326993009,180.0
2.00910566E9,1775.532973965157,140.0
2.009102788E9,1776.8648556262713,150.0
2.007100284E9,1777.5255704401568,180.0
2.011101615E9,1778.9994804320938,180.0
2.009106618E9,1780.8560953442718,140.0
2.011103881E9,1780.926754034343,150.0
2.007102498E9,1781.9543252739177,140.0
2.007103394E9,1783.4884846009402,210.0
2.006104773E9,1784.4163650872188,370.0
2.009102477E9,1784.5896944380158,140.0
2.00810295E9,1785.8673249049496,100.0
2.011104149E9,1786.6503883316923,130.0
2.008106221E9,1786.9535886267618,710.0
2.007103259E9,1789.0624895036651,110.0
2.007106517E9,1789.5918201534546,130.0
2.009101362E9,1790.526435378795,180.0
2.006102231E9,1790.6239275102203,80.0
2.009102331E9,1790.8047828447009,840.0
2.007101772E9,1792.4542925744208,140.0
2.005110158E9,1794.127074201745,110.0
2.006106754E9,1795.5020937942427,180.0
2.005100811E9,1795.6638700625374,90.0
2.006100012E9,1795.7041260454005,200.0
2.005100993E9,1796.3085553802848,130.0
2.008100968E9,1796.5446614723191,150.0
2.011109009E9,1796.6912556381726,180.0
2.011109127E9,1798.5978975114149,260.0
2.010104967E9,1798.7251480024886,160.0
2.01010418E9,1799.179774483439,300.0
2.009104587E9,1799.5501336245732,300.0
2.006106178E9,1801.9698829971692,240.0
2.009102935E9,1802.2902770467085,160.0
2.009106604E9,1805.084715234033,200.0
2.008104957E9,1805.1162477833495,820.0
2.007101634E9,1805.1957221724542,160.0
2.005102836E9,1805.9749947909131,180.0
2.008102581E9,1806.6562751266854,200.0
2.005100301E9,1806.6769625625159,150.0
2.006103105E9,1808.4065471244485,180.0
2.010104258E9,1809.5748346664336,330.0
2.006101955E9,1809.8470654996484,120.0
2.01010156E9,1813.6877909401846,240.0
2.009102146E9,1813.9845121018072,150.0
2.006103754E9,1815.5410394490978,170.0
2.009106338E9,1815.6139577324755,200.0
2.011103799E9,1815.9846387973253,120.0
2.005103685E9,1821.020019467604,570.0
2.007102772E9,1821.8459783577625,400.0
2.010103957E9,1821.8678430455768,110.0
2.008102295E9,1822.3131750074901,130.0
2.00910543E9,1822.7776341680058,290.0
2.008104365E9,1822.832990104006,180.0
2.011100603E9,1823.965834452173,260.0
2.008105618E9,1824.361522287933,150.0
2.011103757E9,1825.0002320036244,80.0
2.009106403E9,1825.5048797724312,240.0
2.010106124E9,1826.3991334108898,480.0
2.007106223E9,1828.7104133601067,60.0
2.009105891E9,1829.445034070343,110.0
2.011104509E9,1830.510378925003,400.0
2.00710669E9,1830.5774651395736,180.0
2.008101608E9,1830.786487494006,110.0
2.006102948E9,1831.1541033592603,120.0
2.005106372E9,1831.621051826676,90.0
2.006101331E9,1832.6696519559143,380.0
2.0071001E9,1833.1930307738794,180.0
2.008100311E9,1834.420724541786,410.0
2.010101736E9,1835.0511649688488,150.0
2.009105222E9,1835.4428445704987,1080.0
2.010101702E9,1836.778096411799,130.0
2.009105798E9,1837.163728091837,870.0
2.011103939E9,1837.6864272434862,70.0
2.00710558E9,1838.4099216464447,190.0
2.009104415E9,1841.6168400137763,450.0
2.009101216E9,1842.0414130056513,150.0
2.011102516E9,1842.9445077512248,510.0
2.010103713E9,1843.8461689091562,430.0
2.006105699E9,1844.005577340192,140.0
2.006102986E9,1844.480354747873,90.0
2.008104752E9,1845.8294046276499,160.0
2.008104083E9,1846.091144801531,140.0
2.007106745E9,1846.436534394028,150.0
2.010100627E9,1846.6788721404234,150.0
2.010102247E9,1849.102688643143,140.0
2.008103159E9,1850.5613012348447,300.0
2.008100676E9,1850.565476385375,170.0
2.007105866E9,1851.4533150904335,170.0
2.010106499E9,1852.6034952433479,100.0
2.011105359E9,1853.4110606215477,180.0
2.006104443E9,1853.446344552702,130.0
2.010103579E9,1854.101821331427,530.0
2.008102127E9,1854.938675420019,280.0
2.011104435E9,1855.7325101442423,130.0
2.009102195E9,1857.0683124224477,210.0
2.009106629E9,1857.6944929096617,150.0
2.00810354E9,1857.8222674429346,150.0
2.009103516E9,1858.4352253923278,180.0
2.008105558E9,1858.5354902528577,280.0
2.010100803E9,1858.5504355935411,380.0
2.008103006E9,1859.295066328677,250.0
2.006103174E9,1859.4329255720468,110.0
2.008104153E9,1859.8820208297968,760.0
2.008101746E9,1860.941700018819,200.0
2.006103035E9,1861.1275296616232,120.0
2.011104389E9,1861.2739187037037,140.0
2.01010393E9,1861.6355131063672,180.0
2.009104679E9,1861.7682153863275,180.0
2.007110075E9,1861.7908275708835,280.0
2.011103761E9,1861.8613569800043,130.0
2.007103001E9,1862.7763950335461,240.0
2.00610441E9,1863.7581638471684,130.0
2.008104215E9,1864.1164439316876,890.0
2.005109317E9,1864.5333902539967,180.0
2.010100474E9,1865.2067890121825,150.0
2.009110051E9,1866.7542032279982,140.0
2.008102204E9,1868.5382115339478,290.0
2.008102954E9,1872.2308112232997,530.0
2.008103038E9,1872.5708683414443,150.0
2.006106402E9,1872.7525523719894,100.0
2.009104591E9,1875.2436776757147,450.0
2.010101675E9,1875.3079176887213,540.0
2.009110003E9,1876.6787641800663,290.0
2.010104186E9,1876.847749007647,90.0
2.00710201E9,1876.9412855617088,470.0
2.00810164E9,1877.3454090153812,200.0
2.009102125E9,1877.490172913515,540.0
2.009102957E9,1878.121384119601,340.0
2.00610208E9,1878.3117343568108,420.0
2.00610254E9,1878.4821753799492,140.0
2.011110095E9,1878.6762870829941,180.0
2.009103251E9,1878.7610427647737,730.0
2.01110245E9,1879.2303830920882,100.0
2.007102775E9,1879.6026972807679,140.0
2.005104643E9,1880.3180306971635,150.0
2.007103295E9,1880.6033168180402,500.0
2.011101638E9,1881.0706673749687,400.0
2.009105977E9,1881.2751068889686,170.0
2.009102128E9,1881.6718153888833,320.0
2.00810167E9,1881.7572083080574,450.0
2.011102684E9,1882.7700159798542,320.0
2.009106666E9,1884.2595707845066,270.0
2.00510175E9,1884.4015385506273,110.0
2.010100095E9,1884.6438944279105,350.0
2.008102809E9,1885.9513528252098,160.0
2.005104641E9,1886.1715352101364,100.0
2.011104437E9,1886.5478695704605,150.0
2.007102881E9,1888.345159192949,300.0
2.009106331E9,1888.8915905495778,170.0
2.010100427E9,1889.1495517910114,230.0
2.008101275E9,1889.2315186783906,130.0
2.008103105E9,1889.6165532576917,320.0
2.008105882E9,1893.4997502588762,400.0
2.009106697E9,1896.4958016780124,180.0
2.009103439E9,1897.4224188774506,450.0
2.007103223E9,1897.6328849550648,280.0
2.007100355E9,1899.0400366031056,310.0
2.010104479E9,1899.2214375694816,280.0
2.008103425E9,1900.2088393687368,390.0
2.00910646E9,1901.1428524585658,360.0
2.008100629E9,1901.2180385376164,750.0
2.00910469E9,1902.0143753310895,320.0
2.011102199E9,1902.2041832640696,120.0
2.009106054E9,1902.3590453729523,150.0
2.009103003E9,1902.8504777800595,150.0
2.009100363E9,1904.064890504211,180.0
2.011101089E9,1906.825502000275,590.0
2.007101429E9,1909.098102806374,410.0
2.011105439E9,1911.070756399754,170.0
2.010102104E9,1911.183869840807,340.0
2.011100107E9,1913.2101389125573,130.0
2.008101788E9,1914.5482904082742,230.0
2.011109191E9,1915.1018045241829,120.0
2.010106119E9,1915.3311686561983,80.0
2.009110011E9,1916.4550529974545,110.0
2.008103294E9,1916.4999759171365,100.0
2.011101773E9,1916.7791820339176,120.0
2.010104093E9,1917.1311418938335,390.0
2.007103378E9,1917.5685794781916,110.0
2.011103479E9,1918.763444602871,80.0
2.007101046E9,1919.7260070988984,150.0
2.006100987E9,1922.099209739767,430.0
2.01010468E9,1924.2626774289884,150.0
2.010101453E9,1925.7125402547188,180.0
2.01010616E9,1926.218359050518,250.0
2.01110445E9,1928.5583724387707,390.0
2.006103207E9,1928.6065637397287,150.0
2.006110011E9,1928.8399670724427,250.0
2.010104215E9,1929.2918614967432,70.0
2.009105927E9,1930.4309510610492,110.0
2.008100687E9,1931.7362203972198,140.0
2.011100606E9,1933.2109021478475,460.0
2.011103629E9,1933.744992566353,140.0
2.010104289E9,1935.2615075510203,390.0
2.007106231E9,1935.5315105001384,120.0
2.010105845E9,1938.1512348568622,210.0
2.007100203E9,1938.3106736421823,130.0
2.009102557E9,1940.6150837157045,150.0
2.009100095E9,1940.9226829322497,410.0
2.011102736E9,1941.516011926227,150.0
2.011103569E9,1941.8517051994352,180.0
2.007104099E9,1942.8846667240318,650.0
2.007100864E9,1943.3693096208358,100.0
2.011103941E9,1944.1056326919772,130.0
2.009103539E9,1946.3528100239566,430.0
2.005102391E9,1946.665956612462,130.0
2.00910047E9,1948.0501760646573,150.0
2.009102738E9,1949.3462158905031,330.0
2.010103725E9,1949.4686219485884,280.0
2.006103064E9,1952.52139041832,670.0
2.005100194E9,1953.1102959567277,150.0
2.005103463E9,1953.4331193048163,150.0
2.007100191E9,1953.4911717531581,140.0
2.008101985E9,1954.256920829671,240.0
2.006101015E9,1954.3462562555903,150.0
2.007103027E9,1955.748428267233,100.0
2.008101069E9,1955.9851893777,150.0
2.007102139E9,1958.2005418328595,330.0
2.00810264E9,1960.810580323061,130.0
2.009105123E9,1962.8967392530226,360.0
2.010106474E9,1964.111047215978,180.0
2.005106482E9,1964.2239447729962,150.0
2.010104996E9,1965.823993371756,200.0
2.008102101E9,1970.60535951457,120.0
2.007103864E9,1971.1829278576627,350.0
2.010101505E9,1971.390994600295,720.0
2.007102846E9,1972.545956907606,110.0
2.011100495E9,1973.0191818405956,380.0
2.00710058E9,1973.138772598028,260.0
2.011102221E9,1973.1801078470078,590.0
2.00810482E9,1975.223485158435,150.0
2.008101673E9,1975.864735689965,130.0
2.010105795E9,1977.0523263589694,130.0
2.008103318E9,1977.470249370773,150.0
2.010100307E9,1978.3952921343366,150.0
2.007105949E9,1980.099677641361,550.0
2.010104031E9,1980.2151517303037,410.0
2.008102868E9,1981.4128802682458,280.0
2.007105618E9,1981.4298241500112,150.0
2.009102625E9,1981.7564939284753,180.0
2.009106246E9,1984.474539632489,130.0
2.01010278E9,1985.2912396905447,440.0
2.009103965E9,1994.458758461845,510.0
2.007104031E9,1995.8190892312043,150.0
2.009101633E9,1996.9665556367777,180.0
2.010105493E9,1998.3321236977704,300.0
2.011100758E9,2001.8680829095567,310.0
2.01010387E9,2002.4782542225107,500.0
2.008102658E9,2002.6019657215315,410.0
2.008104834E9,2006.613248775558,150.0
2.011101819E9,2007.2630442467118,150.0
2.010110033E9,2007.4048587430473,180.0
2.011102551E9,2012.1072801729945,140.0
2.007102848E9,2012.3910527018002,440.0
2.010102017E9,2012.622693095036,300.0
2.010105961E9,2015.1572823074887,420.0
2.008102762E9,2016.3948829485614,150.0
2.010104902E9,2018.739271243087,330.0
2.009106447E9,2023.9023714039797,120.0
2.009101391E9,2025.3616933143194,330.0
2.007103272E9,2026.5635394981516,110.0
2.006106453E9,2026.6042178178488,140.0
2.006103604E9,2030.1335400242951,150.0
2.006105438E9,2030.4041799409597,260.0
2.00910565E9,2030.9902773602194,660.0
2.005102165E9,2031.7017516280073,150.0
2.010102508E9,2034.9568525437207,130.0
2.011104471E9,2035.4680072432452,150.0
2.008101076E9,2036.811086625914,160.0
2.010100338E9,2037.5022883233198,190.0
2.011106481E9,2038.9098930133061,150.0
2.009105832E9,2040.6816808265476,180.0
2.010103866E9,2044.174019828754,140.0
2.007101986E9,2045.4119903270384,120.0
2.008102896E9,2046.9957501940196,180.0
2.009102504E9,2047.810840872713,330.0
2.01011004E9,2050.713173553032,150.0
2.010103182E9,2053.145243699472,410.0
2.007103402E9,2053.648684291432,350.0
2.010103608E9,2068.008333837649,180.0
2.007104922E9,2071.9910480175345,480.0
2.005105986E9,2073.494904177824,150.0
2.008103823E9,2074.3579986726313,1030.0
2.010103009E9,2075.4467297669885,320.0
2.008102143E9,2076.478517800748,420.0
2.009105718E9,2079.67590453246,750.0
2.011104995E9,2082.4478991402343,150.0
2.010102881E9,2082.9064842765856,170.0
2.011104417E9,2084.2660352517187,150.0
2.009102303E9,2088.00334868676,480.0
2.010100521E9,2090.224095079574,170.0
2.007102887E9,2090.5024957275605,450.0
2.010102637E9,2096.5808220729054,150.0
2.011103649E9,2100.6314981303053,330.0
2.009105635E9,2103.339767686152,150.0
2.009102606E9,2105.5568931963967,700.0
2.009103897E9,2106.4269309219007,210.0
2.009100188E9,2110.14403780207,480.0
2.009104944E9,2110.6283800622173,780.0
2.009103929E9,2110.9682233057433,210.0
2.008102938E9,2118.010154782792,570.0
2.006102894E9,2118.3258210290332,270.0
2.008103004E9,2119.606423427999,140.0
2.011100364E9,2125.2354017328075,130.0
2.007103215E9,2131.359194172405,290.0
2.008102218E9,2139.464170529211,260.0
2.011100749E9,2146.16333226958,260.0
2.009103743E9,2147.5551145607387,150.0
2.008103188E9,2148.926539683253,150.0
2.011104438E9,2152.4334134593964,250.0
2.011103788E9,2154.902595017952,240.0
2.010100978E9,2158.969408966746,620.0
2.010104562E9,2182.9478196783575,410.0
2.011100382E9,2183.8833263028587,230.0
2.011103632E9,2193.545114339323,260.0
2.009103927E9,2197.942326732884,1020.0
2.009110009E9,2227.9377995892237,300.0
2.009102179E9,2230.3837283033154,420.0
2.009106433E9,2262.840067997679,410.0
2.010104208E9,2315.9987777744095,670.0
2.010104507E9,2334.9959677629868,400.0
2.010101607E9,2369.4437785108166,730.0
2.010100855E9,2403.8808212273107,280.0
